-- phpMyAdmin SQL Dump
-- version 5.1.1
-- https://www.phpmyadmin.net/
--
-- Anamakine: 127.0.0.1:3306
-- Üretim Zamanı: 14 Tem 2022, 07:17:23
-- Sunucu sürümü: 5.7.36
-- PHP Sürümü: 7.4.26

SET SQL_MODE = "NO_AUTO_VALUE_ON_ZERO";
START TRANSACTION;
SET time_zone = "+00:00";


/*!40101 SET @OLD_CHARACTER_SET_CLIENT=@@CHARACTER_SET_CLIENT */;
/*!40101 SET @OLD_CHARACTER_SET_RESULTS=@@CHARACTER_SET_RESULTS */;
/*!40101 SET @OLD_COLLATION_CONNECTION=@@COLLATION_CONNECTION */;
/*!40101 SET NAMES utf8mb4 */;

--
-- Veritabanı: `quiz`
--

-- --------------------------------------------------------

--
-- Tablo için tablo yapısı `answers`
--

DROP TABLE IF EXISTS `answers`;
CREATE TABLE IF NOT EXISTS `answers` (
  `id` bigint(20) UNSIGNED NOT NULL AUTO_INCREMENT,
  `user_id` bigint(20) UNSIGNED NOT NULL,
  `question_id` bigint(20) UNSIGNED NOT NULL,
  `answer` enum('answer1','answer2','answer3','answer4') COLLATE utf8mb4_unicode_ci NOT NULL,
  PRIMARY KEY (`id`),
  KEY `answers_user_id_foreign` (`user_id`),
  KEY `answers_question_id_foreign` (`question_id`)
) ENGINE=InnoDB AUTO_INCREMENT=1043 DEFAULT CHARSET=utf8mb4 COLLATE=utf8mb4_unicode_ci;

--
-- Tablo döküm verisi `answers`
--

INSERT INTO `answers` (`id`, `user_id`, `question_id`, `answer`) VALUES
(1, 9, 47, 'answer2'),
(2, 5, 71, 'answer3'),
(3, 9, 56, 'answer1'),
(4, 8, 75, 'answer4'),
(5, 10, 81, 'answer3'),
(6, 8, 75, 'answer4'),
(7, 3, 89, 'answer2'),
(8, 9, 65, 'answer4'),
(9, 3, 38, 'answer3'),
(10, 1, 78, 'answer1'),
(11, 1, 46, 'answer3'),
(12, 5, 14, 'answer4'),
(13, 6, 97, 'answer2'),
(14, 7, 83, 'answer4'),
(15, 3, 85, 'answer4'),
(16, 4, 56, 'answer3'),
(17, 6, 21, 'answer1'),
(18, 8, 10, 'answer4'),
(19, 1, 63, 'answer3'),
(20, 4, 24, 'answer2'),
(21, 6, 52, 'answer2'),
(22, 7, 69, 'answer4'),
(23, 7, 53, 'answer3'),
(24, 7, 24, 'answer4'),
(25, 5, 30, 'answer4'),
(26, 5, 75, 'answer4'),
(27, 3, 25, 'answer3'),
(28, 10, 17, 'answer2'),
(29, 4, 22, 'answer4'),
(30, 7, 40, 'answer2'),
(31, 8, 74, 'answer1'),
(32, 9, 86, 'answer1'),
(33, 5, 92, 'answer4'),
(34, 2, 84, 'answer4'),
(35, 7, 19, 'answer1'),
(36, 8, 60, 'answer1'),
(37, 3, 28, 'answer3'),
(38, 6, 76, 'answer3'),
(39, 9, 16, 'answer4'),
(40, 4, 97, 'answer2'),
(41, 9, 36, 'answer2'),
(42, 8, 61, 'answer4'),
(43, 8, 80, 'answer1'),
(44, 1, 31, 'answer4'),
(45, 5, 22, 'answer3'),
(46, 4, 39, 'answer3'),
(47, 1, 33, 'answer2'),
(48, 3, 9, 'answer3'),
(49, 9, 28, 'answer3'),
(50, 3, 72, 'answer2'),
(51, 4, 17, 'answer4'),
(52, 7, 90, 'answer4'),
(53, 5, 8, 'answer4'),
(54, 1, 68, 'answer3'),
(55, 9, 75, 'answer1'),
(56, 4, 5, 'answer4'),
(57, 9, 54, 'answer3'),
(58, 4, 4, 'answer3'),
(59, 1, 10, 'answer3'),
(60, 1, 21, 'answer3'),
(61, 3, 54, 'answer4'),
(62, 10, 34, 'answer2'),
(63, 2, 89, 'answer2'),
(64, 4, 52, 'answer1'),
(65, 2, 65, 'answer3'),
(66, 10, 90, 'answer2'),
(67, 9, 70, 'answer4'),
(68, 2, 72, 'answer4'),
(69, 2, 41, 'answer3'),
(70, 9, 47, 'answer2'),
(71, 8, 72, 'answer4'),
(72, 1, 22, 'answer4'),
(73, 10, 79, 'answer4'),
(74, 6, 6, 'answer1'),
(75, 4, 39, 'answer2'),
(76, 3, 62, 'answer3'),
(77, 9, 2, 'answer4'),
(78, 10, 77, 'answer1'),
(79, 9, 6, 'answer4'),
(80, 4, 13, 'answer3'),
(81, 7, 10, 'answer4'),
(82, 5, 3, 'answer3'),
(83, 3, 61, 'answer3'),
(84, 2, 85, 'answer2'),
(85, 4, 90, 'answer3'),
(86, 4, 19, 'answer1'),
(87, 1, 4, 'answer1'),
(88, 10, 93, 'answer3'),
(89, 10, 82, 'answer1'),
(90, 8, 61, 'answer2'),
(91, 1, 35, 'answer4'),
(92, 10, 18, 'answer1'),
(93, 4, 56, 'answer2'),
(94, 1, 52, 'answer3'),
(95, 3, 3, 'answer1'),
(96, 6, 1, 'answer3'),
(97, 3, 41, 'answer2'),
(98, 8, 18, 'answer2'),
(99, 9, 53, 'answer4'),
(100, 2, 65, 'answer2'),
(101, 10, 76, 'answer4'),
(102, 10, 16, 'answer4'),
(103, 5, 12, 'answer3'),
(104, 4, 37, 'answer3'),
(105, 3, 59, 'answer2'),
(106, 7, 95, 'answer4'),
(107, 3, 36, 'answer3'),
(108, 6, 57, 'answer3'),
(109, 7, 71, 'answer4'),
(110, 6, 97, 'answer3'),
(111, 7, 91, 'answer2'),
(112, 2, 93, 'answer1'),
(113, 2, 15, 'answer2'),
(114, 7, 26, 'answer4'),
(115, 6, 3, 'answer1'),
(116, 3, 5, 'answer2'),
(117, 10, 59, 'answer3'),
(118, 4, 82, 'answer3'),
(119, 1, 79, 'answer2'),
(120, 5, 87, 'answer2'),
(121, 10, 2, 'answer4'),
(122, 5, 72, 'answer1'),
(123, 2, 54, 'answer1'),
(124, 5, 44, 'answer1'),
(125, 5, 15, 'answer1'),
(126, 8, 29, 'answer2'),
(127, 10, 67, 'answer2'),
(128, 7, 4, 'answer2'),
(129, 6, 82, 'answer4'),
(130, 8, 70, 'answer3'),
(131, 3, 1, 'answer4'),
(132, 7, 44, 'answer1'),
(133, 7, 19, 'answer2'),
(134, 2, 84, 'answer4'),
(135, 9, 77, 'answer2'),
(136, 9, 60, 'answer4'),
(137, 8, 49, 'answer4'),
(138, 6, 60, 'answer1'),
(139, 5, 63, 'answer4'),
(140, 9, 48, 'answer4'),
(141, 9, 36, 'answer1'),
(142, 8, 50, 'answer1'),
(143, 5, 72, 'answer1'),
(144, 3, 1, 'answer2'),
(145, 1, 36, 'answer2'),
(146, 8, 2, 'answer3'),
(147, 7, 12, 'answer2'),
(148, 7, 33, 'answer3'),
(149, 9, 13, 'answer1'),
(150, 2, 72, 'answer2'),
(151, 5, 43, 'answer3'),
(152, 1, 82, 'answer2'),
(153, 3, 55, 'answer4'),
(154, 1, 88, 'answer3'),
(155, 10, 50, 'answer2'),
(156, 8, 65, 'answer2'),
(157, 1, 6, 'answer2'),
(158, 5, 5, 'answer2'),
(159, 6, 15, 'answer3'),
(160, 6, 83, 'answer1'),
(161, 3, 20, 'answer4'),
(162, 3, 41, 'answer3'),
(163, 6, 82, 'answer2'),
(164, 4, 93, 'answer1'),
(165, 1, 59, 'answer3'),
(166, 9, 38, 'answer1'),
(167, 9, 89, 'answer3'),
(168, 10, 19, 'answer3'),
(169, 6, 90, 'answer3'),
(170, 7, 61, 'answer1'),
(171, 3, 62, 'answer3'),
(172, 3, 65, 'answer4'),
(173, 8, 80, 'answer2'),
(174, 8, 14, 'answer2'),
(175, 8, 68, 'answer2'),
(176, 8, 57, 'answer3'),
(177, 9, 79, 'answer3'),
(178, 1, 27, 'answer3'),
(179, 10, 82, 'answer1'),
(180, 9, 33, 'answer4'),
(181, 3, 40, 'answer4'),
(182, 1, 67, 'answer1'),
(183, 4, 65, 'answer1'),
(184, 7, 50, 'answer3'),
(185, 7, 55, 'answer1'),
(186, 4, 6, 'answer2'),
(187, 8, 54, 'answer3'),
(188, 10, 21, 'answer2'),
(189, 6, 9, 'answer4'),
(190, 8, 96, 'answer1'),
(191, 7, 48, 'answer1'),
(192, 1, 67, 'answer4'),
(193, 7, 100, 'answer4'),
(194, 7, 82, 'answer2'),
(195, 9, 4, 'answer3'),
(196, 10, 69, 'answer1'),
(197, 10, 12, 'answer3'),
(198, 3, 93, 'answer1'),
(199, 2, 41, 'answer2'),
(200, 1, 65, 'answer2'),
(201, 6, 80, 'answer2'),
(202, 6, 25, 'answer2'),
(203, 10, 71, 'answer2'),
(204, 7, 40, 'answer4'),
(205, 10, 52, 'answer4'),
(206, 6, 51, 'answer2'),
(207, 10, 49, 'answer1'),
(208, 4, 97, 'answer3'),
(209, 8, 3, 'answer3'),
(210, 7, 13, 'answer1'),
(211, 1, 67, 'answer4'),
(212, 9, 15, 'answer1'),
(213, 9, 49, 'answer2'),
(214, 9, 91, 'answer3'),
(215, 10, 15, 'answer4'),
(216, 7, 98, 'answer3'),
(217, 6, 14, 'answer4'),
(218, 7, 8, 'answer1'),
(219, 8, 63, 'answer1'),
(220, 8, 66, 'answer1'),
(221, 1, 91, 'answer1'),
(222, 7, 43, 'answer2'),
(223, 8, 44, 'answer4'),
(224, 5, 23, 'answer4'),
(225, 5, 50, 'answer4'),
(226, 5, 42, 'answer1'),
(227, 9, 91, 'answer2'),
(228, 9, 85, 'answer1'),
(229, 4, 12, 'answer2'),
(230, 8, 96, 'answer4'),
(231, 7, 31, 'answer1'),
(232, 10, 6, 'answer4'),
(233, 8, 40, 'answer1'),
(234, 6, 77, 'answer4'),
(235, 6, 91, 'answer4'),
(236, 2, 52, 'answer1'),
(237, 1, 92, 'answer2'),
(238, 10, 23, 'answer3'),
(239, 6, 67, 'answer3'),
(240, 8, 61, 'answer1'),
(241, 2, 54, 'answer1'),
(242, 5, 84, 'answer1'),
(243, 1, 16, 'answer4'),
(244, 5, 19, 'answer4'),
(245, 6, 2, 'answer2'),
(246, 9, 35, 'answer1'),
(247, 4, 10, 'answer3'),
(248, 10, 32, 'answer1'),
(249, 10, 45, 'answer4'),
(250, 10, 85, 'answer1'),
(251, 7, 48, 'answer4'),
(252, 8, 90, 'answer1'),
(253, 9, 87, 'answer4'),
(254, 3, 30, 'answer1'),
(255, 4, 82, 'answer4'),
(256, 1, 80, 'answer1'),
(257, 3, 91, 'answer1'),
(258, 8, 95, 'answer3'),
(259, 7, 72, 'answer2'),
(260, 1, 99, 'answer3'),
(261, 2, 16, 'answer1'),
(262, 8, 73, 'answer1'),
(263, 2, 31, 'answer4'),
(264, 8, 72, 'answer2'),
(265, 7, 56, 'answer2'),
(266, 7, 23, 'answer1'),
(267, 4, 61, 'answer3'),
(268, 10, 17, 'answer2'),
(269, 3, 63, 'answer2'),
(270, 5, 52, 'answer1'),
(271, 6, 99, 'answer2'),
(272, 10, 3, 'answer3'),
(273, 5, 90, 'answer1'),
(274, 6, 31, 'answer2'),
(275, 9, 20, 'answer2'),
(276, 7, 74, 'answer3'),
(277, 2, 34, 'answer1'),
(278, 4, 24, 'answer4'),
(279, 3, 43, 'answer4'),
(280, 9, 70, 'answer1'),
(281, 6, 80, 'answer2'),
(282, 6, 48, 'answer3'),
(283, 4, 88, 'answer4'),
(284, 4, 10, 'answer4'),
(285, 4, 60, 'answer2'),
(286, 2, 48, 'answer3'),
(287, 8, 13, 'answer4'),
(288, 1, 15, 'answer1'),
(289, 3, 8, 'answer4'),
(290, 9, 21, 'answer1'),
(291, 4, 25, 'answer1'),
(292, 8, 34, 'answer1'),
(293, 10, 50, 'answer1'),
(294, 2, 8, 'answer3'),
(295, 5, 89, 'answer1'),
(296, 6, 44, 'answer1'),
(297, 8, 5, 'answer1'),
(298, 9, 74, 'answer4'),
(299, 3, 73, 'answer3'),
(300, 1, 19, 'answer1'),
(301, 5, 20, 'answer3'),
(302, 5, 74, 'answer2'),
(303, 8, 97, 'answer1'),
(304, 1, 63, 'answer3'),
(305, 1, 69, 'answer3'),
(306, 3, 55, 'answer4'),
(307, 1, 54, 'answer1'),
(308, 6, 92, 'answer4'),
(309, 9, 32, 'answer4'),
(310, 10, 48, 'answer2'),
(311, 4, 24, 'answer4'),
(312, 8, 50, 'answer1'),
(313, 3, 90, 'answer4'),
(314, 5, 92, 'answer3'),
(315, 1, 72, 'answer1'),
(316, 8, 3, 'answer4'),
(317, 5, 52, 'answer3'),
(318, 3, 24, 'answer4'),
(319, 9, 85, 'answer2'),
(320, 10, 8, 'answer1'),
(321, 9, 36, 'answer4'),
(322, 5, 100, 'answer3'),
(323, 10, 2, 'answer4'),
(324, 1, 58, 'answer3'),
(325, 1, 82, 'answer1'),
(326, 6, 38, 'answer1'),
(327, 7, 27, 'answer3'),
(328, 8, 94, 'answer2'),
(329, 4, 100, 'answer2'),
(330, 7, 14, 'answer2'),
(331, 4, 17, 'answer2'),
(332, 2, 92, 'answer3'),
(333, 4, 13, 'answer2'),
(334, 8, 62, 'answer3'),
(335, 7, 92, 'answer4'),
(336, 5, 19, 'answer2'),
(337, 5, 14, 'answer2'),
(338, 6, 74, 'answer3'),
(339, 7, 28, 'answer4'),
(340, 2, 12, 'answer1'),
(341, 7, 2, 'answer2'),
(342, 6, 40, 'answer3'),
(343, 1, 13, 'answer3'),
(344, 6, 86, 'answer2'),
(345, 2, 21, 'answer2'),
(346, 3, 83, 'answer3'),
(347, 9, 91, 'answer3'),
(348, 9, 88, 'answer1'),
(349, 3, 76, 'answer4'),
(350, 8, 97, 'answer2'),
(351, 8, 15, 'answer1'),
(352, 4, 72, 'answer4'),
(353, 2, 51, 'answer1'),
(354, 4, 81, 'answer2'),
(355, 8, 63, 'answer3'),
(356, 2, 66, 'answer4'),
(357, 9, 38, 'answer2'),
(358, 9, 1, 'answer2'),
(359, 1, 54, 'answer4'),
(360, 4, 25, 'answer1'),
(361, 10, 18, 'answer4'),
(362, 10, 45, 'answer4'),
(363, 5, 85, 'answer4'),
(364, 1, 69, 'answer4'),
(365, 3, 94, 'answer1'),
(366, 7, 42, 'answer1'),
(367, 5, 68, 'answer2'),
(368, 9, 2, 'answer3'),
(369, 1, 28, 'answer1'),
(370, 7, 13, 'answer3'),
(371, 6, 91, 'answer1'),
(372, 9, 98, 'answer3'),
(373, 5, 27, 'answer1'),
(374, 10, 4, 'answer4'),
(375, 3, 30, 'answer3'),
(376, 1, 61, 'answer4'),
(377, 8, 52, 'answer3'),
(378, 4, 7, 'answer1'),
(379, 8, 30, 'answer2'),
(380, 10, 55, 'answer2'),
(381, 6, 23, 'answer3'),
(382, 8, 31, 'answer3'),
(383, 3, 43, 'answer4'),
(384, 2, 7, 'answer3'),
(385, 7, 13, 'answer1'),
(386, 2, 47, 'answer4'),
(387, 5, 36, 'answer1'),
(388, 6, 30, 'answer2'),
(389, 9, 6, 'answer1'),
(390, 9, 62, 'answer4'),
(391, 6, 76, 'answer1'),
(392, 9, 12, 'answer2'),
(393, 2, 6, 'answer4'),
(394, 10, 65, 'answer1'),
(395, 8, 67, 'answer3'),
(396, 8, 14, 'answer1'),
(397, 1, 64, 'answer2'),
(398, 2, 87, 'answer2'),
(399, 3, 41, 'answer3'),
(400, 6, 44, 'answer2'),
(401, 8, 66, 'answer4'),
(402, 6, 11, 'answer1'),
(403, 6, 23, 'answer4'),
(404, 4, 7, 'answer1'),
(405, 9, 28, 'answer2'),
(406, 1, 56, 'answer3'),
(407, 4, 18, 'answer2'),
(408, 1, 98, 'answer1'),
(409, 10, 40, 'answer4'),
(410, 7, 70, 'answer2'),
(411, 3, 11, 'answer4'),
(412, 4, 71, 'answer4'),
(413, 2, 95, 'answer1'),
(414, 5, 98, 'answer2'),
(415, 2, 24, 'answer4'),
(416, 9, 54, 'answer3'),
(417, 1, 15, 'answer2'),
(418, 4, 72, 'answer1'),
(419, 9, 26, 'answer4'),
(420, 2, 71, 'answer3'),
(421, 2, 86, 'answer1'),
(422, 3, 35, 'answer1'),
(423, 5, 5, 'answer1'),
(424, 5, 17, 'answer1'),
(425, 7, 30, 'answer2'),
(426, 8, 4, 'answer4'),
(427, 10, 13, 'answer1'),
(428, 1, 68, 'answer3'),
(429, 4, 34, 'answer4'),
(430, 8, 94, 'answer3'),
(431, 8, 52, 'answer4'),
(432, 5, 11, 'answer4'),
(433, 5, 92, 'answer2'),
(434, 2, 20, 'answer3'),
(435, 1, 67, 'answer3'),
(436, 5, 26, 'answer1'),
(437, 10, 56, 'answer2'),
(438, 1, 26, 'answer4'),
(439, 5, 96, 'answer3'),
(440, 7, 48, 'answer2'),
(441, 10, 14, 'answer2'),
(442, 1, 14, 'answer3'),
(443, 6, 95, 'answer3'),
(444, 10, 83, 'answer4'),
(445, 7, 19, 'answer2'),
(446, 2, 84, 'answer3'),
(447, 7, 65, 'answer3'),
(448, 3, 81, 'answer3'),
(449, 10, 49, 'answer2'),
(450, 2, 75, 'answer2'),
(451, 6, 73, 'answer4'),
(452, 7, 31, 'answer2'),
(453, 1, 42, 'answer4'),
(454, 2, 38, 'answer2'),
(455, 6, 39, 'answer3'),
(456, 10, 88, 'answer2'),
(457, 1, 71, 'answer2'),
(458, 10, 36, 'answer3'),
(459, 10, 53, 'answer4'),
(460, 1, 82, 'answer4'),
(461, 1, 91, 'answer2'),
(462, 7, 91, 'answer1'),
(463, 7, 48, 'answer1'),
(464, 1, 52, 'answer2'),
(465, 2, 6, 'answer2'),
(466, 10, 31, 'answer3'),
(467, 8, 52, 'answer1'),
(468, 7, 93, 'answer4'),
(469, 7, 28, 'answer4'),
(470, 5, 54, 'answer4'),
(471, 8, 59, 'answer3'),
(472, 9, 48, 'answer4'),
(473, 9, 28, 'answer2'),
(474, 8, 90, 'answer3'),
(475, 3, 57, 'answer2'),
(476, 5, 81, 'answer1'),
(477, 4, 79, 'answer3'),
(478, 7, 89, 'answer3'),
(479, 10, 1, 'answer2'),
(480, 1, 63, 'answer1'),
(481, 4, 46, 'answer4'),
(482, 3, 73, 'answer2'),
(483, 5, 99, 'answer1'),
(484, 1, 33, 'answer1'),
(485, 2, 42, 'answer3'),
(486, 10, 75, 'answer2'),
(487, 8, 3, 'answer4'),
(488, 3, 99, 'answer2'),
(489, 6, 7, 'answer4'),
(490, 2, 42, 'answer3'),
(491, 3, 82, 'answer3'),
(492, 4, 88, 'answer1'),
(493, 5, 63, 'answer4'),
(494, 2, 31, 'answer3'),
(495, 9, 15, 'answer2'),
(496, 7, 13, 'answer4'),
(497, 2, 20, 'answer3'),
(498, 4, 83, 'answer2'),
(499, 8, 53, 'answer2'),
(500, 1, 40, 'answer3'),
(501, 1, 8, 'answer4'),
(502, 8, 18, 'answer3'),
(503, 2, 59, 'answer1'),
(504, 1, 32, 'answer3'),
(505, 9, 58, 'answer3'),
(506, 1, 3, 'answer3'),
(507, 3, 14, 'answer1'),
(508, 1, 87, 'answer3'),
(509, 6, 4, 'answer3'),
(510, 8, 35, 'answer4'),
(511, 10, 17, 'answer2'),
(512, 3, 13, 'answer1'),
(513, 4, 47, 'answer1'),
(514, 9, 1, 'answer4'),
(515, 8, 47, 'answer3'),
(516, 1, 80, 'answer2'),
(517, 5, 51, 'answer4'),
(518, 7, 14, 'answer2'),
(519, 10, 14, 'answer2'),
(520, 4, 17, 'answer4'),
(521, 6, 88, 'answer2'),
(522, 8, 72, 'answer1'),
(523, 7, 7, 'answer1'),
(524, 1, 9, 'answer2'),
(525, 5, 47, 'answer4'),
(526, 8, 94, 'answer3'),
(527, 6, 63, 'answer4'),
(528, 6, 86, 'answer4'),
(529, 6, 42, 'answer3'),
(530, 1, 41, 'answer1'),
(531, 8, 98, 'answer1'),
(532, 10, 37, 'answer2'),
(533, 2, 17, 'answer3'),
(534, 10, 64, 'answer4'),
(535, 1, 45, 'answer1'),
(536, 7, 78, 'answer4'),
(537, 5, 44, 'answer1'),
(538, 8, 98, 'answer2'),
(539, 10, 59, 'answer3'),
(540, 3, 10, 'answer3'),
(541, 7, 90, 'answer4'),
(542, 7, 21, 'answer4'),
(543, 10, 35, 'answer2'),
(544, 5, 41, 'answer4'),
(545, 7, 7, 'answer1'),
(546, 2, 61, 'answer1'),
(547, 2, 84, 'answer1'),
(548, 10, 50, 'answer3'),
(549, 4, 28, 'answer4'),
(550, 3, 68, 'answer4'),
(551, 1, 76, 'answer4'),
(552, 3, 28, 'answer2'),
(553, 2, 43, 'answer2'),
(554, 2, 94, 'answer4'),
(555, 1, 75, 'answer1'),
(556, 8, 91, 'answer2'),
(557, 1, 46, 'answer1'),
(558, 8, 18, 'answer2'),
(559, 6, 21, 'answer2'),
(560, 8, 55, 'answer2'),
(561, 9, 43, 'answer2'),
(562, 4, 39, 'answer1'),
(563, 3, 92, 'answer3'),
(564, 3, 89, 'answer2'),
(565, 3, 31, 'answer4'),
(566, 9, 92, 'answer1'),
(567, 2, 18, 'answer1'),
(568, 10, 55, 'answer4'),
(569, 10, 20, 'answer2'),
(570, 4, 33, 'answer3'),
(571, 8, 57, 'answer3'),
(572, 4, 24, 'answer1'),
(573, 1, 8, 'answer4'),
(574, 2, 59, 'answer1'),
(575, 10, 81, 'answer4'),
(576, 2, 84, 'answer1'),
(577, 7, 61, 'answer4'),
(578, 4, 72, 'answer2'),
(579, 4, 39, 'answer4'),
(580, 5, 13, 'answer2'),
(581, 4, 98, 'answer1'),
(582, 5, 93, 'answer3'),
(583, 7, 37, 'answer2'),
(584, 8, 38, 'answer3'),
(585, 3, 48, 'answer3'),
(586, 3, 14, 'answer3'),
(587, 9, 12, 'answer1'),
(588, 1, 65, 'answer3'),
(589, 5, 98, 'answer3'),
(590, 6, 4, 'answer4'),
(591, 6, 39, 'answer3'),
(592, 2, 53, 'answer4'),
(593, 9, 16, 'answer4'),
(594, 8, 90, 'answer4'),
(595, 2, 34, 'answer3'),
(596, 1, 2, 'answer1'),
(597, 5, 43, 'answer4'),
(598, 8, 82, 'answer4'),
(599, 2, 88, 'answer2'),
(600, 3, 91, 'answer4'),
(601, 10, 89, 'answer4'),
(602, 2, 71, 'answer4'),
(603, 4, 11, 'answer4'),
(604, 4, 27, 'answer2'),
(605, 3, 42, 'answer3'),
(606, 3, 5, 'answer2'),
(607, 5, 38, 'answer2'),
(608, 3, 82, 'answer4'),
(609, 9, 51, 'answer3'),
(610, 9, 95, 'answer3'),
(611, 7, 9, 'answer3'),
(612, 9, 48, 'answer3'),
(613, 3, 15, 'answer2'),
(614, 3, 13, 'answer4'),
(615, 3, 12, 'answer1'),
(616, 2, 54, 'answer1'),
(617, 5, 22, 'answer4'),
(618, 10, 71, 'answer4'),
(619, 2, 19, 'answer2'),
(620, 6, 97, 'answer3'),
(621, 2, 41, 'answer4'),
(622, 1, 37, 'answer4'),
(623, 4, 83, 'answer1'),
(624, 7, 71, 'answer2'),
(625, 1, 41, 'answer1'),
(626, 5, 81, 'answer4'),
(627, 10, 59, 'answer1'),
(628, 6, 5, 'answer3'),
(629, 5, 100, 'answer4'),
(630, 4, 40, 'answer2'),
(631, 9, 86, 'answer1'),
(632, 9, 80, 'answer1'),
(633, 5, 9, 'answer1'),
(634, 5, 47, 'answer2'),
(635, 5, 46, 'answer4'),
(636, 8, 29, 'answer4'),
(637, 2, 35, 'answer4'),
(638, 1, 95, 'answer4'),
(639, 4, 79, 'answer4'),
(640, 2, 98, 'answer2'),
(641, 10, 20, 'answer4'),
(642, 6, 59, 'answer3'),
(643, 2, 71, 'answer4'),
(644, 7, 41, 'answer4'),
(645, 8, 29, 'answer1'),
(646, 8, 82, 'answer4'),
(647, 2, 8, 'answer3'),
(648, 9, 33, 'answer2'),
(649, 5, 50, 'answer4'),
(650, 4, 18, 'answer4'),
(651, 5, 64, 'answer1'),
(652, 4, 24, 'answer3'),
(653, 4, 52, 'answer4'),
(654, 3, 57, 'answer1'),
(655, 9, 100, 'answer2'),
(656, 8, 55, 'answer4'),
(657, 9, 83, 'answer4'),
(658, 8, 73, 'answer4'),
(659, 10, 100, 'answer3'),
(660, 3, 54, 'answer4'),
(661, 4, 88, 'answer3'),
(662, 10, 51, 'answer2'),
(663, 3, 28, 'answer3'),
(664, 3, 7, 'answer3'),
(665, 10, 31, 'answer3'),
(666, 9, 15, 'answer1'),
(667, 10, 23, 'answer2'),
(668, 2, 93, 'answer2'),
(669, 2, 13, 'answer3'),
(670, 5, 27, 'answer2'),
(671, 6, 82, 'answer2'),
(672, 4, 91, 'answer3'),
(673, 5, 34, 'answer1'),
(674, 3, 29, 'answer3'),
(675, 8, 16, 'answer3'),
(676, 10, 58, 'answer1'),
(677, 2, 42, 'answer4'),
(678, 2, 71, 'answer1'),
(679, 10, 34, 'answer1'),
(680, 6, 89, 'answer2'),
(681, 1, 43, 'answer2'),
(682, 2, 6, 'answer3'),
(683, 6, 13, 'answer4'),
(684, 4, 7, 'answer3'),
(685, 4, 93, 'answer1'),
(686, 7, 64, 'answer1'),
(687, 3, 77, 'answer2'),
(688, 2, 85, 'answer3'),
(689, 1, 76, 'answer1'),
(690, 6, 58, 'answer2'),
(691, 5, 62, 'answer2'),
(692, 6, 80, 'answer1'),
(693, 2, 96, 'answer2'),
(694, 9, 13, 'answer1'),
(695, 5, 65, 'answer1'),
(696, 8, 80, 'answer4'),
(697, 1, 30, 'answer3'),
(698, 6, 59, 'answer3'),
(699, 9, 73, 'answer3'),
(700, 4, 71, 'answer1'),
(701, 1, 1, 'answer4'),
(702, 8, 35, 'answer2'),
(703, 5, 95, 'answer4'),
(704, 3, 59, 'answer1'),
(705, 6, 36, 'answer1'),
(706, 10, 78, 'answer3'),
(707, 2, 75, 'answer1'),
(708, 9, 12, 'answer3'),
(709, 7, 6, 'answer2'),
(710, 2, 77, 'answer2'),
(711, 5, 59, 'answer1'),
(712, 1, 5, 'answer2'),
(713, 10, 31, 'answer3'),
(714, 5, 33, 'answer2'),
(715, 5, 57, 'answer3'),
(716, 5, 95, 'answer1'),
(717, 1, 15, 'answer4'),
(718, 8, 69, 'answer4'),
(719, 10, 79, 'answer2'),
(720, 6, 47, 'answer3'),
(721, 3, 51, 'answer1'),
(722, 8, 64, 'answer2'),
(723, 3, 43, 'answer4'),
(724, 9, 1, 'answer3'),
(725, 2, 45, 'answer3'),
(726, 7, 68, 'answer1'),
(727, 1, 15, 'answer1'),
(728, 3, 89, 'answer1'),
(729, 1, 52, 'answer2'),
(730, 8, 53, 'answer2'),
(731, 4, 4, 'answer1'),
(732, 4, 40, 'answer4'),
(733, 3, 95, 'answer1'),
(734, 8, 41, 'answer2'),
(735, 3, 54, 'answer1'),
(736, 7, 54, 'answer2'),
(737, 1, 58, 'answer2'),
(738, 2, 24, 'answer4'),
(739, 4, 59, 'answer2'),
(740, 8, 19, 'answer3'),
(741, 1, 22, 'answer3'),
(742, 1, 78, 'answer3'),
(743, 4, 17, 'answer3'),
(744, 5, 30, 'answer2'),
(745, 1, 5, 'answer1'),
(746, 8, 80, 'answer2'),
(747, 5, 100, 'answer2'),
(748, 3, 59, 'answer4'),
(749, 1, 74, 'answer1'),
(750, 6, 71, 'answer2'),
(751, 6, 70, 'answer1'),
(752, 4, 73, 'answer3'),
(753, 1, 3, 'answer3'),
(754, 4, 13, 'answer2'),
(755, 3, 74, 'answer2'),
(756, 7, 86, 'answer1'),
(757, 3, 2, 'answer2'),
(758, 10, 26, 'answer1'),
(759, 7, 36, 'answer1'),
(760, 6, 42, 'answer1'),
(761, 9, 11, 'answer3'),
(762, 9, 80, 'answer1'),
(763, 3, 39, 'answer1'),
(764, 10, 82, 'answer2'),
(765, 7, 56, 'answer1'),
(766, 10, 15, 'answer4'),
(767, 5, 61, 'answer4'),
(768, 2, 33, 'answer3'),
(769, 4, 98, 'answer4'),
(770, 7, 28, 'answer2'),
(771, 3, 33, 'answer4'),
(772, 6, 30, 'answer3'),
(773, 4, 16, 'answer3'),
(774, 9, 57, 'answer1'),
(775, 8, 61, 'answer3'),
(776, 10, 99, 'answer3'),
(777, 4, 49, 'answer2'),
(778, 6, 55, 'answer2'),
(779, 2, 88, 'answer4'),
(780, 7, 3, 'answer2'),
(781, 2, 79, 'answer1'),
(782, 2, 6, 'answer3'),
(783, 9, 62, 'answer3'),
(784, 4, 13, 'answer4'),
(785, 10, 65, 'answer3'),
(786, 7, 77, 'answer3'),
(787, 6, 19, 'answer4'),
(788, 6, 75, 'answer1'),
(789, 4, 36, 'answer3'),
(790, 4, 10, 'answer4'),
(791, 10, 75, 'answer2'),
(792, 8, 17, 'answer4'),
(793, 8, 10, 'answer3'),
(794, 10, 32, 'answer1'),
(795, 6, 15, 'answer2'),
(796, 10, 96, 'answer2'),
(797, 5, 92, 'answer2'),
(798, 7, 16, 'answer2'),
(799, 5, 43, 'answer4'),
(800, 9, 12, 'answer2'),
(801, 3, 61, 'answer1'),
(802, 1, 66, 'answer1'),
(803, 8, 72, 'answer1'),
(804, 8, 54, 'answer1'),
(805, 5, 27, 'answer3'),
(806, 2, 49, 'answer3'),
(807, 8, 50, 'answer4'),
(808, 10, 71, 'answer1'),
(809, 8, 65, 'answer1'),
(810, 3, 6, 'answer4'),
(811, 1, 26, 'answer4'),
(812, 6, 3, 'answer2'),
(813, 1, 93, 'answer2'),
(814, 4, 5, 'answer3'),
(815, 2, 18, 'answer2'),
(816, 9, 23, 'answer4'),
(817, 7, 28, 'answer1'),
(818, 4, 94, 'answer4'),
(819, 4, 95, 'answer4'),
(820, 9, 64, 'answer2'),
(821, 8, 97, 'answer1'),
(822, 7, 92, 'answer4'),
(823, 3, 64, 'answer2'),
(824, 7, 79, 'answer1'),
(825, 1, 61, 'answer3'),
(826, 2, 52, 'answer1'),
(827, 9, 57, 'answer3'),
(828, 2, 14, 'answer3'),
(829, 8, 77, 'answer1'),
(830, 2, 61, 'answer1'),
(831, 7, 79, 'answer2'),
(832, 6, 76, 'answer3'),
(833, 1, 3, 'answer2'),
(834, 10, 57, 'answer4'),
(835, 6, 78, 'answer3'),
(836, 10, 2, 'answer2'),
(837, 4, 77, 'answer4'),
(838, 4, 56, 'answer2'),
(839, 10, 61, 'answer1'),
(840, 10, 22, 'answer2'),
(841, 1, 4, 'answer3'),
(842, 4, 36, 'answer2'),
(843, 5, 83, 'answer4'),
(844, 2, 68, 'answer3'),
(845, 6, 27, 'answer3'),
(846, 4, 48, 'answer2'),
(847, 1, 36, 'answer2'),
(848, 6, 8, 'answer3'),
(849, 1, 68, 'answer4'),
(850, 2, 12, 'answer1'),
(851, 7, 71, 'answer4'),
(852, 4, 78, 'answer4'),
(853, 4, 70, 'answer1'),
(854, 7, 71, 'answer2'),
(855, 10, 40, 'answer3'),
(856, 5, 59, 'answer4'),
(857, 5, 6, 'answer3'),
(858, 3, 13, 'answer1'),
(859, 2, 82, 'answer4'),
(860, 4, 17, 'answer1'),
(861, 8, 17, 'answer3'),
(862, 9, 57, 'answer4'),
(863, 6, 14, 'answer3'),
(864, 4, 94, 'answer3'),
(865, 5, 86, 'answer4'),
(866, 8, 53, 'answer4'),
(867, 5, 39, 'answer4'),
(868, 6, 9, 'answer2'),
(869, 1, 6, 'answer1'),
(870, 7, 89, 'answer3'),
(871, 1, 83, 'answer2'),
(872, 7, 92, 'answer1'),
(873, 5, 91, 'answer1'),
(874, 10, 39, 'answer4'),
(875, 9, 99, 'answer2'),
(876, 6, 35, 'answer1'),
(877, 4, 61, 'answer4'),
(878, 8, 43, 'answer4'),
(879, 9, 99, 'answer4'),
(880, 4, 86, 'answer1'),
(881, 3, 17, 'answer3'),
(882, 1, 57, 'answer2'),
(883, 6, 52, 'answer1'),
(884, 5, 51, 'answer1'),
(885, 10, 20, 'answer2'),
(886, 2, 50, 'answer1'),
(887, 7, 95, 'answer4'),
(888, 7, 61, 'answer3'),
(889, 2, 41, 'answer3'),
(890, 9, 99, 'answer3'),
(891, 4, 63, 'answer3'),
(892, 1, 84, 'answer1'),
(893, 8, 33, 'answer2'),
(894, 6, 26, 'answer3'),
(895, 8, 100, 'answer4'),
(896, 4, 62, 'answer3'),
(897, 10, 18, 'answer3'),
(898, 2, 55, 'answer3'),
(899, 6, 12, 'answer3'),
(900, 9, 53, 'answer2'),
(901, 7, 50, 'answer4'),
(902, 3, 5, 'answer3'),
(903, 3, 27, 'answer3'),
(904, 10, 90, 'answer2'),
(905, 4, 20, 'answer2'),
(906, 7, 55, 'answer4'),
(907, 8, 61, 'answer3'),
(908, 6, 20, 'answer3'),
(909, 4, 31, 'answer4'),
(910, 5, 34, 'answer1'),
(911, 3, 94, 'answer4'),
(912, 1, 25, 'answer4'),
(913, 6, 11, 'answer4'),
(914, 5, 1, 'answer2'),
(915, 10, 22, 'answer4'),
(916, 2, 73, 'answer4'),
(917, 10, 69, 'answer3'),
(918, 9, 18, 'answer2'),
(919, 3, 77, 'answer3'),
(920, 2, 30, 'answer2'),
(921, 1, 32, 'answer4'),
(922, 3, 75, 'answer4'),
(923, 9, 35, 'answer1'),
(924, 10, 96, 'answer4'),
(925, 3, 68, 'answer3'),
(926, 1, 52, 'answer2'),
(927, 5, 52, 'answer2'),
(928, 3, 84, 'answer2'),
(929, 3, 82, 'answer4'),
(930, 10, 80, 'answer2'),
(931, 7, 11, 'answer4'),
(932, 7, 2, 'answer4'),
(933, 2, 61, 'answer2'),
(934, 1, 42, 'answer2'),
(935, 7, 58, 'answer1'),
(936, 8, 81, 'answer2'),
(937, 10, 81, 'answer4'),
(938, 3, 5, 'answer2'),
(939, 7, 84, 'answer3'),
(940, 9, 97, 'answer4'),
(941, 6, 28, 'answer2'),
(942, 1, 29, 'answer1'),
(943, 8, 11, 'answer2'),
(944, 10, 51, 'answer1'),
(945, 9, 32, 'answer1'),
(946, 9, 67, 'answer4'),
(947, 6, 92, 'answer1'),
(948, 9, 94, 'answer3'),
(949, 5, 32, 'answer3'),
(950, 8, 63, 'answer2'),
(951, 4, 56, 'answer4'),
(952, 2, 34, 'answer4'),
(953, 2, 7, 'answer1'),
(954, 3, 22, 'answer2'),
(955, 8, 18, 'answer4'),
(956, 3, 55, 'answer2'),
(957, 8, 87, 'answer2'),
(958, 9, 64, 'answer4'),
(959, 7, 46, 'answer4'),
(960, 6, 74, 'answer1'),
(961, 10, 42, 'answer1'),
(962, 1, 56, 'answer3'),
(963, 5, 66, 'answer2'),
(964, 8, 11, 'answer2'),
(965, 7, 85, 'answer3'),
(966, 4, 16, 'answer3'),
(967, 10, 84, 'answer3'),
(968, 6, 73, 'answer1'),
(969, 6, 88, 'answer3'),
(970, 7, 92, 'answer2'),
(971, 3, 76, 'answer3'),
(972, 4, 72, 'answer4'),
(973, 5, 90, 'answer3'),
(974, 2, 95, 'answer3'),
(975, 8, 72, 'answer4'),
(976, 7, 6, 'answer2'),
(977, 9, 70, 'answer4'),
(978, 5, 85, 'answer3'),
(979, 3, 94, 'answer1'),
(980, 8, 91, 'answer1'),
(981, 10, 8, 'answer2'),
(982, 2, 48, 'answer2'),
(983, 1, 45, 'answer4'),
(984, 9, 75, 'answer2'),
(985, 1, 43, 'answer1'),
(986, 4, 5, 'answer2'),
(987, 8, 13, 'answer4'),
(988, 2, 50, 'answer3'),
(989, 7, 26, 'answer3'),
(990, 10, 15, 'answer1'),
(991, 6, 27, 'answer2'),
(992, 10, 25, 'answer4'),
(993, 4, 44, 'answer1'),
(994, 4, 90, 'answer2'),
(995, 6, 6, 'answer1'),
(996, 9, 46, 'answer2'),
(997, 5, 42, 'answer2'),
(998, 9, 11, 'answer1'),
(999, 7, 82, 'answer3'),
(1000, 1, 35, 'answer2'),
(1001, 1, 4, 'answer3'),
(1002, 1, 12, 'answer1'),
(1003, 1, 16, 'answer3'),
(1004, 1, 22, 'answer2'),
(1005, 1, 24, 'answer4'),
(1006, 1, 82, 'answer2'),
(1007, 1, 85, 'answer1'),
(1008, 12, 1, 'answer4'),
(1009, 12, 14, 'answer3'),
(1010, 12, 26, 'answer4'),
(1011, 12, 27, 'answer1'),
(1012, 12, 40, 'answer3'),
(1013, 12, 49, 'answer4'),
(1014, 12, 51, 'answer3'),
(1015, 12, 56, 'answer4'),
(1016, 12, 65, 'answer1'),
(1017, 12, 69, 'answer1'),
(1018, 12, 73, 'answer2'),
(1019, 12, 80, 'answer4'),
(1020, 12, 91, 'answer2'),
(1021, 12, 96, 'answer1'),
(1022, 2, 18, 'answer4'),
(1023, 2, 19, 'answer3'),
(1024, 2, 20, 'answer2'),
(1025, 2, 25, 'answer3'),
(1026, 2, 35, 'answer4'),
(1027, 2, 37, 'answer3'),
(1028, 2, 50, 'answer4'),
(1029, 2, 54, 'answer2'),
(1030, 2, 66, 'answer1'),
(1031, 2, 78, 'answer4'),
(1032, 2, 87, 'answer3'),
(1033, 2, 88, 'answer3'),
(1034, 2, 98, 'answer3'),
(1035, 2, 5, 'answer4'),
(1036, 2, 38, 'answer4'),
(1037, 2, 45, 'answer3'),
(1038, 2, 58, 'answer3'),
(1039, 2, 62, 'answer2'),
(1040, 2, 70, 'answer3'),
(1041, 2, 79, 'answer1'),
(1042, 2, 100, 'answer1');

-- --------------------------------------------------------

--
-- Tablo için tablo yapısı `migrations`
--

DROP TABLE IF EXISTS `migrations`;
CREATE TABLE IF NOT EXISTS `migrations` (
  `id` int(10) UNSIGNED NOT NULL AUTO_INCREMENT,
  `migration` varchar(191) COLLATE utf8mb4_unicode_ci NOT NULL,
  `batch` int(11) NOT NULL,
  PRIMARY KEY (`id`)
) ENGINE=InnoDB AUTO_INCREMENT=11 DEFAULT CHARSET=utf8mb4 COLLATE=utf8mb4_unicode_ci;

--
-- Tablo döküm verisi `migrations`
--

INSERT INTO `migrations` (`id`, `migration`, `batch`) VALUES
(1, '2014_10_12_000000_create_users_table', 1),
(2, '2014_10_12_100000_create_password_resets_table', 1),
(3, '2014_10_12_200000_add_two_factor_columns_to_users_table', 1),
(4, '2019_12_14_000001_create_personal_access_tokens_table', 1),
(5, '2022_05_18_192733_create_sessions_table', 1),
(6, '2022_05_19_114301_quiz_migration', 1),
(7, '2022_05_21_123128_questions', 1),
(8, '2022_05_23_165544_answers', 1),
(9, '2022_05_23_180203_result', 1),
(10, '2022_06_03_172259_comment', 1);

-- --------------------------------------------------------

--
-- Tablo için tablo yapısı `password_resets`
--

DROP TABLE IF EXISTS `password_resets`;
CREATE TABLE IF NOT EXISTS `password_resets` (
  `email` varchar(191) COLLATE utf8mb4_unicode_ci NOT NULL,
  `token` varchar(191) COLLATE utf8mb4_unicode_ci NOT NULL,
  `created_at` timestamp NULL DEFAULT NULL,
  KEY `password_resets_email_index` (`email`)
) ENGINE=InnoDB DEFAULT CHARSET=utf8mb4 COLLATE=utf8mb4_unicode_ci;

-- --------------------------------------------------------

--
-- Tablo için tablo yapısı `personal_access_tokens`
--

DROP TABLE IF EXISTS `personal_access_tokens`;
CREATE TABLE IF NOT EXISTS `personal_access_tokens` (
  `id` bigint(20) UNSIGNED NOT NULL AUTO_INCREMENT,
  `tokenable_type` varchar(191) COLLATE utf8mb4_unicode_ci NOT NULL,
  `tokenable_id` bigint(20) UNSIGNED NOT NULL,
  `name` varchar(191) COLLATE utf8mb4_unicode_ci NOT NULL,
  `token` varchar(64) COLLATE utf8mb4_unicode_ci NOT NULL,
  `abilities` text COLLATE utf8mb4_unicode_ci,
  `last_used_at` timestamp NULL DEFAULT NULL,
  `created_at` timestamp NULL DEFAULT NULL,
  `updated_at` timestamp NULL DEFAULT NULL,
  PRIMARY KEY (`id`),
  UNIQUE KEY `personal_access_tokens_token_unique` (`token`),
  KEY `personal_access_tokens_tokenable_type_tokenable_id_index` (`tokenable_type`,`tokenable_id`)
) ENGINE=InnoDB DEFAULT CHARSET=utf8mb4 COLLATE=utf8mb4_unicode_ci;

-- --------------------------------------------------------

--
-- Tablo için tablo yapısı `questions`
--

DROP TABLE IF EXISTS `questions`;
CREATE TABLE IF NOT EXISTS `questions` (
  `id` bigint(20) UNSIGNED NOT NULL AUTO_INCREMENT,
  `quiz_id` bigint(20) UNSIGNED NOT NULL,
  `question` longtext COLLATE utf8mb4_unicode_ci NOT NULL,
  `image` longtext COLLATE utf8mb4_unicode_ci,
  `answer1` longtext COLLATE utf8mb4_unicode_ci NOT NULL,
  `answer2` longtext COLLATE utf8mb4_unicode_ci NOT NULL,
  `answer3` longtext COLLATE utf8mb4_unicode_ci NOT NULL,
  `answer4` longtext COLLATE utf8mb4_unicode_ci NOT NULL,
  `correct_answer` enum('answer1','answer2','answer3','answer4') COLLATE utf8mb4_unicode_ci NOT NULL,
  `created_at` timestamp NULL DEFAULT NULL,
  `updated_at` timestamp NULL DEFAULT NULL,
  PRIMARY KEY (`id`),
  KEY `questions_quiz_id_foreign` (`quiz_id`)
) ENGINE=InnoDB AUTO_INCREMENT=101 DEFAULT CHARSET=utf8mb4 COLLATE=utf8mb4_unicode_ci;

--
-- Tablo döküm verisi `questions`
--

INSERT INTO `questions` (`id`, `quiz_id`, `question`, `image`, `answer1`, `answer2`, `answer3`, `answer4`, `correct_answer`, `created_at`, `updated_at`) VALUES
(1, 3, 'Natus non non asperiores.', NULL, 'Qui praesentium dolore.', 'Eveniet.', 'Voluptatum eaque expedita.', 'Illum delectus.', 'answer3', '2022-06-03 14:27:08', '2022-06-03 14:27:08'),
(2, 6, 'Possimus et quaerat dignissimos et quos porro.', NULL, 'Sapiente.', 'Et asperiores.', 'Dicta corporis.', 'Mollitia aut.', 'answer2', '2022-06-03 14:27:08', '2022-06-03 14:27:08'),
(3, 1, 'Molestias voluptatem ab debitis quaerat.', NULL, 'Pariatur.', 'Ut.', 'Fuga laboriosam.', 'Tempora molestiae.', 'answer1', '2022-06-03 14:27:08', '2022-06-03 14:27:08'),
(4, 2, 'Quia soluta veniam sunt.', 'uploads/quia-soluta-veniam-sunt.png', 'Temporibus officiis.', 'Iusto id id.', 'Aut corporis.', 'Consectetur quo dolores.', 'answer1', '2022-06-03 14:27:08', '2022-06-07 10:44:11'),
(5, 5, 'Voluptatem et nesciunt autem.', NULL, 'Magni aut iure sit.', 'Ea voluptate.', 'Voluptatem.', 'Sint blanditiis.', 'answer2', '2022-06-03 14:27:08', '2022-06-03 14:27:08'),
(6, 9, 'Repellendus quia non et.', NULL, 'Soluta voluptas et voluptatum.', 'Iure aut molestiae et.', 'Et nobis deserunt magnam.', 'Eaque at mollitia.', 'answer3', '2022-06-03 14:27:08', '2022-06-03 14:27:08'),
(7, 4, 'Est vel sint aut at.', NULL, 'Quod voluptas.', 'Impedit reprehenderit.', 'Voluptatum voluptas.', 'Minus quia velit.', 'answer2', '2022-06-03 14:27:08', '2022-06-03 14:27:08'),
(8, 9, 'Perspiciatis sunt occaecati et iure aspernatur est.', NULL, 'Numquam et delectus illum.', 'Labore fuga.', 'Aperiam.', 'Temporibus iste aut qui.', 'answer2', '2022-06-03 14:27:08', '2022-06-03 14:27:08'),
(9, 9, 'Et est illum ad.', NULL, 'Delectus.', 'Vero consequatur repellat magni quia.', 'Quas id.', 'Ea ut dolores.', 'answer3', '2022-06-03 14:27:08', '2022-06-03 14:27:08'),
(10, 1, 'Molestiae harum temporibus omnis eligendi perferendis.', NULL, 'Nesciunt voluptatibus.', 'Et est.', 'Aut.', 'Quibusdam laboriosam exercitationem voluptatum.', 'answer1', '2022-06-03 14:27:08', '2022-06-03 14:27:08'),
(11, 6, 'Est est maiores quia iusto quidem odit.', NULL, 'Nisi delectus.', 'Labore.', 'Molestiae autem.', 'Eos reiciendis perferendis.', 'answer3', '2022-06-03 14:27:08', '2022-06-03 14:27:08'),
(12, 2, 'Sapiente in est eum.', NULL, 'Placeat quibusdam.', 'Et eligendi officia.', 'Facere repellendus.', 'Sed quibusdam voluptas.', 'answer3', '2022-06-03 14:27:08', '2022-06-03 14:27:08'),
(13, 9, 'At perspiciatis et aut dolorum exercitationem explicabo enim.', NULL, 'Ut fugiat.', 'At cumque ut.', 'Itaque rerum est pariatur.', 'Minima eum ex.', 'answer4', '2022-06-03 14:27:08', '2022-06-03 14:27:08'),
(14, 3, 'Nesciunt rem dolores aliquid aut in.', NULL, 'Consequuntur autem culpa.', 'Consequuntur culpa quo.', 'Impedit qui consequatur.', 'Ut voluptatem dolores voluptatem.', 'answer2', '2022-06-03 14:27:08', '2022-06-03 14:27:08'),
(15, 4, 'Voluptas distinctio illum voluptas ipsa vero qui.', NULL, 'Quos.', 'Necessitatibus nam.', 'Iure nam.', 'Aperiam facilis.', 'answer4', '2022-06-03 14:27:08', '2022-06-03 14:27:08'),
(16, 2, 'Ipsa aut magni exercitationem eaque numquam dolorem cum.', NULL, 'Veniam mollitia cum nam.', 'Fugiat molestias.', 'Ipsam earum.', 'Ut facilis nihil.', 'answer2', '2022-06-03 14:27:08', '2022-06-03 14:27:08'),
(17, 1, 'Eveniet magni quidem id saepe.', NULL, 'Velit magni natus.', 'Nihil.', 'Soluta.', 'Nam totam magni pariatur.', 'answer2', '2022-06-03 14:27:08', '2022-06-03 14:27:08'),
(18, 10, 'Maxime et ut repudiandae et iure illum.', NULL, 'Aut accusantium et.', 'Sunt perspiciatis.', 'Sit expedita.', 'Culpa non.', 'answer4', '2022-06-03 14:27:08', '2022-06-03 14:27:08'),
(19, 10, 'Et impedit doloremque rerum doloremque aut neque.', NULL, 'Mollitia non commodi quia.', 'Totam sit.', 'Omnis sit ad.', 'Esse ut.', 'answer1', '2022-06-03 14:27:08', '2022-06-03 14:27:08'),
(20, 10, 'Libero maxime nesciunt nihil qui ullam dolor autem.', NULL, 'Quisquam voluptatem beatae non.', 'Est.', 'Corporis alias aliquam.', 'Ullam minus ex.', 'answer4', '2022-06-03 14:27:08', '2022-06-03 14:27:08'),
(21, 8, 'Ea ut quae.', NULL, 'Atque.', 'Facilis dignissimos.', 'Voluptas dolorum.', 'Voluptates repudiandae asperiores.', 'answer2', '2022-06-03 14:27:09', '2022-06-03 14:27:09'),
(22, 2, 'Pariatur nihil aut optio.', NULL, 'Numquam numquam.', 'Unde voluptatibus.', 'Doloremque dolore asperiores.', 'Earum perspiciatis tenetur.', 'answer2', '2022-06-03 14:27:09', '2022-06-03 14:27:09'),
(23, 8, 'Aspernatur nam culpa non sit labore et.', NULL, 'Est molestiae ut.', 'Similique molestiae repellat non.', 'Sint minus.', 'Nam voluptates.', 'answer3', '2022-06-03 14:27:09', '2022-06-03 14:27:09'),
(24, 2, 'Dolores perspiciatis dicta ad.', NULL, 'Quo deserunt et.', 'Non quia.', 'Excepturi officiis quia.', 'Magnam eligendi.', 'answer4', '2022-06-03 14:27:09', '2022-06-03 14:27:09'),
(25, 10, 'Temporibus odit omnis illo.', NULL, 'Distinctio voluptatem voluptatem.', 'Omnis.', 'Quis.', 'Nobis id.', 'answer3', '2022-06-03 14:27:09', '2022-06-03 14:27:09'),
(26, 3, 'Hic nesciunt iusto sint veritatis quia vitae labore.', NULL, 'Incidunt mollitia.', 'Quia accusamus ratione.', 'Cupiditate tempora repudiandae consectetur.', 'Praesentium eos explicabo.', 'answer1', '2022-06-03 14:27:09', '2022-06-03 14:27:09'),
(27, 3, 'Optio voluptatem voluptas modi suscipit voluptatibus aliquam.', NULL, 'Vel aliquid.', 'In possimus.', 'Tempore veritatis.', 'Nostrum reiciendis.', 'answer1', '2022-06-03 14:27:09', '2022-06-03 14:27:09'),
(28, 7, 'Aperiam ab est et explicabo impedit.', NULL, 'Illo dolorem.', 'Eaque.', 'Fugit voluptate laborum.', 'Fugit et aliquam.', 'answer4', '2022-06-03 14:27:09', '2022-06-03 14:27:09'),
(29, 7, 'Eum voluptates quam quasi nesciunt veniam perferendis consectetur nobis.', NULL, 'Non perspiciatis sit.', 'Voluptatem qui.', 'Incidunt esse molestiae.', 'Repellendus ut sunt.', 'answer1', '2022-06-03 14:27:09', '2022-06-03 14:27:09'),
(30, 1, 'Dolorem sit iure consequatur et.', NULL, 'Odio illo.', 'Consequatur qui non.', 'Doloremque fugiat.', 'Qui reiciendis vel architecto.', 'answer3', '2022-06-03 14:27:09', '2022-06-03 14:27:09'),
(31, 7, 'Sed quibusdam ut illo aut veritatis.', NULL, 'Modi dolores quod.', 'Libero iure aut.', 'Ad.', 'Asperiores voluptatum impedit rerum.', 'answer3', '2022-06-03 14:27:09', '2022-06-03 14:27:09'),
(32, 7, 'Rerum nisi hic dolorem eveniet.', NULL, 'Magni vero est.', 'Voluptatem.', 'Beatae ab cumque.', 'Itaque aspernatur quis facilis.', 'answer2', '2022-06-03 14:27:09', '2022-06-03 14:27:09'),
(33, 8, 'Dolorum nisi perferendis ratione vitae et quasi voluptas.', NULL, 'Explicabo reiciendis vitae ex.', 'Sint repellat.', 'Sequi necessitatibus.', 'At eum.', 'answer4', '2022-06-03 14:27:09', '2022-06-03 14:27:09'),
(34, 4, 'Reprehenderit debitis voluptatem omnis officiis.', NULL, 'Voluptatem et.', 'Voluptas eum sint sapiente.', 'Dolorem deleniti.', 'Eligendi a et.', 'answer3', '2022-06-03 14:27:09', '2022-06-03 14:27:09'),
(35, 10, 'Eos labore qui.', NULL, 'Iure.', 'Id.', 'Recusandae adipisci aut laboriosam.', 'Odit qui.', 'answer4', '2022-06-03 14:27:09', '2022-06-03 14:27:09'),
(36, 8, 'Temporibus illum nisi quia itaque exercitationem enim.', NULL, 'Quaerat sit.', 'Magnam facere.', 'Id odio illum.', 'Velit minima.', 'answer1', '2022-06-03 14:27:09', '2022-06-03 14:27:09'),
(37, 10, 'Consectetur commodi ullam sit quisquam voluptate.', NULL, 'Ut odit.', 'Numquam aut.', 'Qui sit fugit.', 'Repudiandae non.', 'answer3', '2022-06-03 14:27:09', '2022-06-03 14:27:09'),
(38, 5, 'Eum et aspernatur accusamus.', NULL, 'Eligendi illo eveniet exercitationem.', 'Aut assumenda quos mollitia.', 'Voluptatem et sit esse.', 'Iusto et vel.', 'answer4', '2022-06-03 14:27:09', '2022-06-03 14:27:09'),
(39, 4, 'Est temporibus facilis id.', NULL, 'Harum ut illo.', 'Consequuntur odit quia.', 'Nemo et iste vel.', 'Omnis ut.', 'answer3', '2022-06-03 14:27:09', '2022-06-03 14:27:09'),
(40, 3, 'Omnis repudiandae aut repellendus quia officiis reprehenderit ipsum magnam.', NULL, 'Omnis.', 'Dolores molestiae.', 'Fugiat.', 'Provident occaecati.', 'answer4', '2022-06-03 14:27:09', '2022-06-03 14:27:09'),
(41, 9, 'Qui voluptate sed ut eligendi aut.', NULL, 'Necessitatibus necessitatibus.', 'Veniam mollitia.', 'Illum dolor.', 'In.', 'answer1', '2022-06-03 14:27:09', '2022-06-03 14:27:09'),
(42, 4, 'Eos consequatur consequuntur aspernatur molestias et minima.', NULL, 'Et est quo.', 'Eaque consequatur distinctio.', 'Aut quas.', 'Labore.', 'answer1', '2022-06-03 14:27:09', '2022-06-03 14:27:09'),
(43, 6, 'Nesciunt magni atque libero.', NULL, 'Est inventore.', 'Rerum iure dignissimos.', 'Reprehenderit amet et.', 'Sit quo est.', 'answer1', '2022-06-03 14:27:09', '2022-06-03 14:27:09'),
(44, 7, 'Ea in voluptas ut.', NULL, 'Sequi quam facilis.', 'Nobis maiores quam.', 'Aut ut corporis.', 'In numquam dicta.', 'answer4', '2022-06-03 14:27:09', '2022-06-03 14:27:09'),
(45, 5, 'Dolore et eum est adipisci facilis dolorem.', NULL, 'Iure qui.', 'Esse.', 'Sed adipisci eum quia.', 'Est.', 'answer3', '2022-06-03 14:27:09', '2022-06-03 14:27:09'),
(46, 1, 'Non eum quos voluptates non minus aut aut repudiandae.', NULL, 'Qui tenetur aut.', 'A.', 'Quia est.', 'Sed quod sit.', 'answer3', '2022-06-03 14:27:09', '2022-06-03 14:27:09'),
(47, 4, 'Consequatur dolor molestiae reprehenderit.', NULL, 'Id vitae delectus debitis.', 'Dolor rerum et.', 'Quia sit nam.', 'Quia nihil sit.', 'answer4', '2022-06-03 14:27:09', '2022-06-03 14:27:09'),
(48, 8, 'Velit incidunt quas dolore consectetur possimus nam sint.', NULL, 'Molestiae perspiciatis.', 'Voluptatem quos id.', 'Inventore tenetur.', 'Voluptatum occaecati ab sit.', 'answer2', '2022-06-03 14:27:09', '2022-06-03 14:27:09'),
(49, 3, 'Omnis mollitia eum.', NULL, 'Nemo rerum.', 'Aspernatur recusandae.', 'Sit culpa in.', 'Et voluptas.', 'answer1', '2022-06-03 14:27:09', '2022-06-03 14:27:09'),
(50, 10, 'Animi doloremque tenetur rem distinctio.', NULL, 'Natus alias.', 'Cumque odio eum.', 'Incidunt eum enim rerum.', 'Quo voluptatem nulla consequuntur.', 'answer4', '2022-06-03 14:27:09', '2022-06-03 14:27:09'),
(51, 3, 'Aspernatur et ea optio aut assumenda.', NULL, 'Sequi in reiciendis.', 'Doloremque molestias.', 'Quis molestiae.', 'Rerum voluptas sint.', 'answer3', '2022-06-03 14:27:09', '2022-06-03 14:27:09'),
(52, 9, 'Non architecto voluptates dolorum voluptas.', NULL, 'Distinctio qui.', 'Expedita.', 'Reiciendis provident consequatur eligendi.', 'Consectetur velit ducimus.', 'answer1', '2022-06-03 14:27:09', '2022-06-03 14:27:09'),
(53, 8, 'Aliquid quasi aperiam et aut incidunt earum.', NULL, 'Qui officia.', 'Sed ipsa est.', 'Itaque ea accusamus.', 'Itaque modi officia.', 'answer2', '2022-06-03 14:27:09', '2022-06-03 14:27:09'),
(54, 10, 'Eos provident laudantium magnam eligendi.', NULL, 'Minima sed.', 'Quibusdam.', 'Rem repudiandae consequatur.', 'Voluptas sed.', 'answer2', '2022-06-03 14:27:09', '2022-06-03 14:27:09'),
(55, 1, 'Qui laudantium praesentium aperiam.', NULL, 'Corrupti ea.', 'Tempore.', 'Asperiores voluptas.', 'Aliquid nostrum.', 'answer4', '2022-06-03 14:27:09', '2022-06-03 14:27:09'),
(56, 3, 'Dolorem non iure corporis doloribus deserunt.', NULL, 'Asperiores.', 'Quo in voluptas.', 'Ut a.', 'Aut rerum ullam.', 'answer1', '2022-06-03 14:27:09', '2022-06-03 14:27:09'),
(57, 1, 'Fuga doloribus asperiores praesentium aliquid.', NULL, 'Excepturi omnis debitis eaque.', 'Cupiditate.', 'Quia voluptatem.', 'Non.', 'answer1', '2022-06-03 14:27:09', '2022-06-03 14:27:09'),
(58, 5, 'Ut consequuntur labore dolores voluptas ab voluptatum.', NULL, 'Unde ut.', 'Distinctio.', 'Animi quo.', 'Vel.', 'answer2', '2022-06-03 14:27:09', '2022-06-03 14:27:09'),
(59, 7, 'Quos amet dolores ut est.', NULL, 'Qui.', 'Voluptas doloribus ex et.', 'Provident repellat laborum.', 'Culpa saepe.', 'answer1', '2022-06-03 14:27:09', '2022-06-03 14:27:09'),
(60, 1, 'Omnis harum qui voluptate eum culpa.', NULL, 'Magni eos.', 'Iusto non.', 'Ipsam tempore qui.', 'Est autem sit.', 'answer4', '2022-06-03 14:27:10', '2022-06-03 14:27:10'),
(61, 7, 'Animi distinctio expedita.', NULL, 'Molestias hic.', 'Consequatur corporis ea sint.', 'Suscipit.', 'Vel enim.', 'answer4', '2022-06-03 14:27:10', '2022-06-03 14:27:10'),
(62, 5, 'Minus non ut error delectus magni aut illum.', NULL, 'Hic aut eum.', 'Omnis maiores ut dolorum.', 'Dolore cumque.', 'Eaque magni.', 'answer3', '2022-06-03 14:27:10', '2022-06-03 14:27:10'),
(63, 9, 'Cupiditate magni corporis.', NULL, 'Quia repudiandae omnis nisi.', 'Rerum sed.', 'Qui officiis.', 'Sequi fuga neque.', 'answer4', '2022-06-03 14:27:10', '2022-06-03 14:27:10'),
(64, 4, 'Debitis ut consectetur culpa vel illo omnis quia illo.', NULL, 'Reprehenderit nostrum quae voluptatem.', 'Voluptatem atque dolorem est.', 'Quam.', 'Autem voluptas ipsum.', 'answer1', '2022-06-03 14:27:10', '2022-06-03 14:27:10'),
(65, 3, 'Fugit et amet quibusdam.', NULL, 'Et iste quidem.', 'Accusantium.', 'Maiores totam.', 'Rem voluptatum ipsam non.', 'answer1', '2022-06-03 14:27:10', '2022-06-03 14:27:10'),
(66, 10, 'Esse similique iure illo.', NULL, 'Autem sit tempora.', 'Earum ad.', 'Iste iste rem.', 'Voluptatem.', 'answer3', '2022-06-03 14:27:10', '2022-06-03 14:27:10'),
(67, 4, 'Perspiciatis quibusdam.', NULL, 'Et veritatis.', 'Quo.', 'Eum qui deleniti.', 'Et quo est ea.', 'answer3', '2022-06-03 14:27:10', '2022-06-03 14:27:10'),
(68, 1, 'Est nisi aspernatur sint nostrum voluptatum.', NULL, 'Vitae itaque qui.', 'Labore laudantium saepe.', 'Vel facilis modi.', 'Odit facilis.', 'answer1', '2022-06-03 14:27:10', '2022-06-03 14:27:10'),
(69, 3, 'Quibusdam et ut doloribus.', NULL, 'Voluptate praesentium.', 'Iusto dolorem cumque ab.', 'Non ullam odit.', 'Sunt enim velit.', 'answer2', '2022-06-03 14:27:10', '2022-06-03 14:27:10'),
(70, 5, 'Temporibus deleniti culpa ut neque.', NULL, 'Tempora rem.', 'Enim reiciendis ullam.', 'Quisquam sed.', 'Sed distinctio.', 'answer3', '2022-06-03 14:27:10', '2022-06-03 14:27:10'),
(71, 7, 'Delectus vel ipsa tempora enim nostrum dolores et eum.', NULL, 'Dolorem ut laboriosam itaque.', 'Asperiores debitis adipisci reiciendis.', 'Et vel.', 'Totam quidem.', 'answer4', '2022-06-03 14:27:10', '2022-06-03 14:27:10'),
(72, 8, 'Cum saepe sunt.', NULL, 'Et sed.', 'Laboriosam quis itaque.', 'Et cupiditate dolore deleniti.', 'Nam.', 'answer3', '2022-06-03 14:27:10', '2022-06-03 14:27:10'),
(73, 3, 'Laboriosam quia quisquam.', NULL, 'Nihil expedita dolor.', 'Voluptatem quia.', 'Sequi.', 'Aut alias labore.', 'answer4', '2022-06-03 14:27:10', '2022-06-03 14:27:10'),
(74, 7, 'Eveniet optio fugiat similique et sapiente voluptate officia.', NULL, 'Rerum.', 'Illo perspiciatis voluptate.', 'Est deserunt.', 'Quia.', 'answer2', '2022-06-03 14:27:10', '2022-06-03 14:27:10'),
(75, 9, 'Esse odit eligendi assumenda commodi omnis id pariatur similique repellat.', NULL, 'Quo quia voluptas.', 'Odit tenetur facilis autem.', 'Omnis ipsa.', 'Et.', 'answer2', '2022-06-03 14:27:10', '2022-06-03 14:27:10'),
(76, 8, 'Fugiat ut iure est possimus sed aut.', NULL, 'Doloremque illum fugit quia.', 'Rerum iusto sit.', 'Voluptatibus voluptas.', 'Explicabo et.', 'answer3', '2022-06-03 14:27:10', '2022-06-03 14:27:10'),
(77, 8, 'Eum recusandae adipisci.', NULL, 'Voluptate.', 'Adipisci enim voluptatem.', 'Cum voluptatem.', 'Voluptatum et ut.', 'answer4', '2022-06-03 14:27:10', '2022-06-03 14:27:10'),
(78, 10, 'Quis est et nihil sint reiciendis soluta culpa quisquam aperiam.', NULL, 'Eaque possimus quam.', 'Architecto.', 'In.', 'Consequatur eum.', 'answer4', '2022-06-03 14:27:10', '2022-06-03 14:27:10'),
(79, 5, 'Delectus expedita neque ullam.', NULL, 'Tempore autem.', 'Ut in repellat amet.', 'Aliquid aliquam.', 'Et.', 'answer1', '2022-06-03 14:27:10', '2022-06-03 14:27:10'),
(80, 3, 'Ducimus est nulla officia.', NULL, 'Error distinctio ut quia.', 'A.', 'Quo ea error.', 'Et ex.', 'answer3', '2022-06-03 14:27:10', '2022-06-03 14:27:10'),
(81, 8, 'Delectus illo doloremque.', NULL, 'Iure blanditiis vel libero.', 'Fugiat est eveniet enim.', 'Eum sint aperiam.', 'Quisquam reprehenderit saepe adipisci corrupti.', 'answer3', '2022-06-03 14:27:10', '2022-06-03 14:27:10'),
(82, 2, 'Corrupti quas totam omnis temporibus delectus corporis quia est corporis.', NULL, 'Cupiditate quia accusantium possimus.', 'Consectetur nobis sunt.', 'Repellat debitis sit.', 'Quos dolor ratione.', 'answer2', '2022-06-03 14:27:10', '2022-06-03 14:27:10'),
(83, 1, 'Sit eligendi beatae distinctio et molestias dignissimos error similique magnam.', NULL, 'Provident corrupti.', 'Nemo itaque nemo.', 'Modi est.', 'Repudiandae consequatur.', 'answer1', '2022-06-03 14:27:10', '2022-06-03 14:27:10'),
(84, 7, 'Consequuntur recusandae sint sint dicta qui.', NULL, 'Velit quam.', 'Rerum quia consectetur.', 'Harum omnis reprehenderit quo.', 'Vero maiores aliquam.', 'answer1', '2022-06-03 14:27:10', '2022-06-03 14:27:10'),
(85, 2, 'Dolor ea autem odio.', NULL, 'Perferendis optio rem voluptatem.', 'Non suscipit.', 'Sunt pariatur aut voluptatem.', 'Asperiores sunt.', 'answer3', '2022-06-03 14:27:10', '2022-06-03 14:27:10'),
(86, 9, 'Ipsa blanditiis quas iusto aut.', NULL, 'Debitis et officia.', 'Iure a.', 'Autem sapiente.', 'Voluptates voluptatem adipisci mollitia.', 'answer2', '2022-06-03 14:27:10', '2022-06-03 14:27:10'),
(87, 10, 'Voluptatem corrupti rerum ea.', NULL, 'Aspernatur sunt.', 'Debitis dolorum dolores.', 'Ut.', 'Illum ut.', 'answer1', '2022-06-03 14:27:10', '2022-06-03 14:27:10'),
(88, 10, 'Omnis voluptas blanditiis ipsa rerum eos qui.', NULL, 'Ut unde.', 'Quisquam exercitationem dolorem fugiat.', 'Molestiae.', 'Labore repudiandae.', 'answer4', '2022-06-03 14:27:10', '2022-06-03 14:27:10'),
(89, 7, 'Eius nihil dolores earum doloribus alias reprehenderit animi voluptatem.', NULL, 'Consequatur voluptas explicabo maiores.', 'Aliquid expedita vel.', 'Est soluta.', 'Ad rerum.', 'answer1', '2022-06-03 14:27:10', '2022-06-03 14:27:10'),
(90, 7, 'Nihil aliquam animi voluptatem.', NULL, 'Est.', 'Ad ea possimus.', 'Est illo.', 'Voluptate consequatur est.', 'answer1', '2022-06-03 14:27:10', '2022-06-03 14:27:10'),
(91, 3, 'Dolorum exercitationem aspernatur cupiditate rerum quidem consequatur ratione iusto neque.', NULL, 'Et.', 'Doloribus porro sunt.', 'Sed tempore.', 'Animi libero.', 'answer4', '2022-06-03 14:27:10', '2022-06-03 14:27:10'),
(92, 9, 'Qui illum dicta voluptates excepturi voluptas corrupti repellendus vel ab.', NULL, 'Rerum.', 'Ex assumenda placeat quia.', 'Quam quis pariatur harum at.', 'Harum unde.', 'answer1', '2022-06-03 14:27:10', '2022-06-03 14:27:10'),
(93, 6, 'Necessitatibus at et eius nesciunt enim.', NULL, 'Itaque dolor.', 'Dolor dicta.', 'Dolorem possimus.', 'Expedita aliquid veritatis.', 'answer1', '2022-06-03 14:27:10', '2022-06-03 14:27:10'),
(94, 7, 'Beatae nam veniam.', NULL, 'Rerum.', 'Unde.', 'Et.', 'Nesciunt ut.', 'answer4', '2022-06-03 14:27:10', '2022-06-03 14:27:10'),
(95, 1, 'Beatae maxime facilis animi molestiae.', NULL, 'Consequuntur quibusdam laudantium.', 'Magni voluptate est quia.', 'Dolorem provident.', 'Omnis eum voluptates at corrupti.', 'answer4', '2022-06-03 14:27:10', '2022-06-03 14:27:10'),
(96, 3, 'Occaecati laborum dolores cum architecto libero.', NULL, 'Nisi in.', 'Saepe ullam aperiam rerum.', 'Aut sunt possimus.', 'Quasi deleniti ea.', 'answer3', '2022-06-03 14:27:10', '2022-06-03 14:27:10'),
(97, 9, 'Quas harum commodi dolorem soluta corporis ea modi fuga.', NULL, 'Iste illo rem.', 'Minus exercitationem.', 'Eos blanditiis.', 'Ea nostrum ut.', 'answer2', '2022-06-03 14:27:10', '2022-06-03 14:27:10'),
(98, 10, 'Voluptatem eveniet voluptas qui officia iure.', NULL, 'Aut suscipit.', 'Quaerat commodi.', 'Inventore sed.', 'Commodi.', 'answer2', '2022-06-03 14:27:11', '2022-06-03 14:27:11'),
(99, 7, 'Rerum a praesentium iure repellat aliquam.', NULL, 'Perferendis.', 'Consequuntur praesentium ducimus dolore.', 'Quasi harum debitis sint praesentium.', 'Asperiores facere autem.', 'answer3', '2022-06-03 14:27:11', '2022-06-03 14:27:11'),
(100, 5, 'Quibusdam quam sunt corrupti quae vel vel sit consequatur quos.', NULL, 'Non deserunt vel id.', 'Enim vel.', 'Et ab accusantium.', 'Consequuntur rem.', 'answer2', '2022-06-03 14:27:11', '2022-06-03 14:27:11');

-- --------------------------------------------------------

--
-- Tablo için tablo yapısı `quizzes`
--

DROP TABLE IF EXISTS `quizzes`;
CREATE TABLE IF NOT EXISTS `quizzes` (
  `id` bigint(20) UNSIGNED NOT NULL AUTO_INCREMENT,
  `title` varchar(191) COLLATE utf8mb4_unicode_ci NOT NULL,
  `description` longtext COLLATE utf8mb4_unicode_ci,
  `slug` varchar(191) COLLATE utf8mb4_unicode_ci NOT NULL,
  `status` enum('publish','draft','passive') COLLATE utf8mb4_unicode_ci NOT NULL DEFAULT 'draft',
  `finished_at` timestamp NULL DEFAULT NULL,
  `created_at` timestamp NULL DEFAULT NULL,
  `updated_at` timestamp NULL DEFAULT NULL,
  PRIMARY KEY (`id`)
) ENGINE=InnoDB AUTO_INCREMENT=12 DEFAULT CHARSET=utf8mb4 COLLATE=utf8mb4_unicode_ci;

--
-- Tablo döküm verisi `quizzes`
--

INSERT INTO `quizzes` (`id`, `title`, `description`, `slug`, `status`, `finished_at`, `created_at`, `updated_at`) VALUES
(1, 'Odit est voluptatem alias aut tempore.', 'Expedita porro quasi maiores pariatur in ex aspernatur. Eaque similique corporis corrupti itaque velit fugit autem labore. Velit quis soluta amet in aperiam beatae expedita eius.', 'odit-est-voluptatem-alias-aut-tempore', 'passive', '2022-06-25 17:27:00', '2022-06-03 14:27:08', '2022-06-03 14:37:15'),
(2, 'Totam velit maiores temporibus.', 'Dolores velit sequi maiores saepe veritatis minus. Consequatur dolore qui ut et sit voluptatem eligendi maxime. Quisquam quia aut error est. Consectetur aut placeat perspiciatis amet ratione non.', 'totam-velit-maiores-temporibus', 'publish', '2022-06-26 17:36:00', '2022-06-03 14:27:08', '2022-06-03 14:36:57'),
(3, 'Qui nesciunt consequuntur aliquid praesentium sed est odio.', 'Quam saepe placeat quae nihil sint laudantium ut dolorem. Quia ipsam ut sint libero adipisci praesentium. Incidunt tenetur sed ipsum molestias. Est occaecati quibusdam consequatur est dolore.', 'qui-nesciunt-consequuntur-aliquid-praesentium-sed-est-odio', 'publish', '2023-02-18 07:10:00', '2022-06-03 14:27:08', '2022-07-14 04:10:36'),
(4, 'Mollitia at.', 'In quae ratione vel officiis enim. Debitis delectus sunt distinctio dolores voluptate. Commodi itaque veniam voluptatem sed in magni animi autem. Qui facilis nesciunt optio ratione minus.', 'mollitia-at', 'draft', NULL, '2022-06-03 14:27:08', '2022-06-03 14:27:08'),
(5, 'Pariatur voluptatem est est ad rem.', 'Reiciendis eligendi voluptatem neque eos enim facere amet. Hic minus et beatae iure quis. Quisquam iure voluptatem voluptatem animi et sed vero.', 'pariatur-voluptatem-est-est-ad-rem', 'publish', '2022-12-15 07:12:00', '2022-06-03 14:27:08', '2022-07-14 04:12:41'),
(6, 'Eaque officia repudiandae voluptatem est.', 'Aut eos ut velit voluptatem eum. Sunt nobis iure ullam molestias consequuntur suscipit. Consequatur nemo dolorum et inventore et ducimus.', 'eaque-officia-repudiandae-voluptatem-est', 'draft', NULL, '2022-06-03 14:27:08', '2022-06-03 14:27:08'),
(7, 'Eos rem iusto quos.', 'Pariatur non reprehenderit voluptates blanditiis. Sit perferendis hic nobis qui minima aut qui. Officia laborum sed sit aliquid sunt debitis maxime. Exercitationem ut quasi ea aut magni suscipit.', 'eos-rem-iusto-quos', 'draft', NULL, '2022-06-03 14:27:08', '2022-06-03 14:27:08'),
(8, 'Ut quas quisquam.', 'Totam qui quisquam non veniam nihil animi. Et ipsam dolores non in est aliquam exercitationem. Consequuntur ea in rerum eos esse aut pariatur. Quae nemo tenetur quam odio illo.', 'ut-quas-quisquam', 'draft', NULL, '2022-06-03 14:27:08', '2022-06-03 14:27:08'),
(9, 'Numquam delectus ex culpa in fuga deserunt.', 'Quis illum at sapiente et qui dolorem quod. Nostrum quae voluptate beatae excepturi iste culpa enim. Quasi aspernatur rerum et voluptatibus aut hic.', 'numquam-delectus-ex-culpa-in-fuga-deserunt', 'draft', NULL, '2022-06-03 14:27:08', '2022-06-03 14:27:08'),
(10, 'Quam qui ratione quas.', 'Quasi voluptatum non nobis quibusdam. Eum cumque qui harum non nam a quae. Alias blanditiis qui quam sed harum.', 'quam-qui-ratione-quas', 'publish', '2022-10-30 13:13:00', '2022-06-03 14:27:08', '2022-07-14 04:13:18'),
(11, 'Php ile herşey', 'phphphp', 'php-ile-hersey', 'draft', '2022-06-04 11:28:00', '2022-06-04 08:23:04', '2022-06-04 08:23:04');

-- --------------------------------------------------------

--
-- Tablo için tablo yapısı `results`
--

DROP TABLE IF EXISTS `results`;
CREATE TABLE IF NOT EXISTS `results` (
  `id` bigint(20) UNSIGNED NOT NULL AUTO_INCREMENT,
  `user_id` bigint(20) UNSIGNED NOT NULL,
  `quiz_id` bigint(20) UNSIGNED NOT NULL,
  `point` int(11) NOT NULL,
  `correct` int(11) NOT NULL,
  `wrong` int(11) NOT NULL,
  `created_at` timestamp NULL DEFAULT NULL,
  `updated_at` timestamp NULL DEFAULT NULL,
  PRIMARY KEY (`id`),
  KEY `results_user_id_foreign` (`user_id`),
  KEY `results_quiz_id_foreign` (`quiz_id`)
) ENGINE=InnoDB AUTO_INCREMENT=25 DEFAULT CHARSET=utf8mb4 COLLATE=utf8mb4_unicode_ci;

--
-- Tablo döküm verisi `results`
--

INSERT INTO `results` (`id`, `user_id`, `quiz_id`, `point`, `correct`, `wrong`, `created_at`, `updated_at`) VALUES
(1, 10, 9, 64, 11, 3, '2022-06-03 14:27:37', '2022-06-03 14:27:37'),
(2, 3, 10, 27, 1, 9, '2022-06-03 14:27:37', '2022-06-03 14:27:37'),
(3, 10, 3, 83, 9, 13, '2022-06-03 14:27:37', '2022-06-03 14:27:37'),
(4, 4, 1, 62, 10, 10, '2022-06-03 14:27:37', '2022-06-03 14:27:37'),
(5, 1, 10, 78, 13, 19, '2022-06-03 14:27:37', '2022-06-03 14:27:37'),
(6, 5, 10, 64, 14, 8, '2022-06-03 14:27:37', '2022-06-03 14:27:37'),
(7, 8, 6, 40, 2, 15, '2022-06-03 14:27:37', '2022-06-03 14:27:37'),
(8, 10, 2, 62, 14, 3, '2022-06-03 14:27:37', '2022-06-03 14:27:37'),
(9, 1, 1, 26, 9, 19, '2022-06-03 14:27:37', '2022-06-03 14:27:37'),
(10, 10, 6, 17, 7, 20, '2022-06-03 14:27:37', '2022-06-03 14:27:37'),
(11, 9, 6, 97, 12, 6, '2022-06-03 14:27:37', '2022-06-03 14:27:37'),
(12, 5, 4, 70, 5, 14, '2022-06-03 14:27:37', '2022-06-03 14:27:37'),
(13, 1, 5, 21, 19, 18, '2022-06-03 14:27:37', '2022-06-03 14:27:37'),
(14, 3, 8, 75, 18, 20, '2022-06-03 14:27:38', '2022-06-03 14:27:38'),
(15, 7, 6, 50, 6, 7, '2022-06-03 14:27:38', '2022-06-03 14:27:38'),
(16, 7, 4, 52, 12, 13, '2022-06-03 14:27:38', '2022-06-03 14:27:38'),
(17, 10, 4, 25, 7, 16, '2022-06-03 14:27:38', '2022-06-03 14:27:38'),
(18, 5, 10, 77, 13, 2, '2022-06-03 14:27:38', '2022-06-03 14:27:38'),
(19, 6, 5, 56, 12, 9, '2022-06-03 14:27:38', '2022-06-03 14:27:38'),
(20, 4, 8, 39, 10, 20, '2022-06-03 14:27:38', '2022-06-03 14:27:38'),
(21, 1, 2, 43, 3, 4, '2022-06-04 08:22:01', '2022-06-04 08:22:01'),
(22, 12, 3, 21, 3, 11, '2022-07-14 04:11:49', '2022-07-14 04:11:49'),
(23, 2, 10, 54, 7, 6, '2022-07-14 04:15:15', '2022-07-14 04:15:15'),
(24, 2, 5, 50, 4, 4, '2022-07-14 04:15:52', '2022-07-14 04:15:52');

-- --------------------------------------------------------

--
-- Tablo için tablo yapısı `sessions`
--

DROP TABLE IF EXISTS `sessions`;
CREATE TABLE IF NOT EXISTS `sessions` (
  `id` varchar(191) COLLATE utf8mb4_unicode_ci NOT NULL,
  `user_id` bigint(20) UNSIGNED DEFAULT NULL,
  `ip_address` varchar(45) COLLATE utf8mb4_unicode_ci DEFAULT NULL,
  `user_agent` text COLLATE utf8mb4_unicode_ci,
  `payload` text COLLATE utf8mb4_unicode_ci NOT NULL,
  `last_activity` int(11) NOT NULL,
  PRIMARY KEY (`id`),
  KEY `sessions_user_id_index` (`user_id`),
  KEY `sessions_last_activity_index` (`last_activity`)
) ENGINE=InnoDB DEFAULT CHARSET=utf8mb4 COLLATE=utf8mb4_unicode_ci;

--
-- Tablo döküm verisi `sessions`
--

INSERT INTO `sessions` (`id`, `user_id`, `ip_address`, `user_agent`, `payload`, `last_activity`) VALUES
('pv7DIKK9XLFrOXjswDGHAgLtfkXttf6JErRSdzho', NULL, '127.0.0.1', 'Mozilla/5.0 (Windows NT 10.0; Win64; x64) AppleWebKit/537.36 (KHTML, like Gecko) Chrome/103.0.0.0 Safari/537.36', 'YTozOntzOjY6Il90b2tlbiI7czo0MDoiNlBZUFBZbm5UOWtFczNocmlyUm9MQ3ZjRVZCanROYnBnSXJJR0hCbyI7czo2OiJfZmxhc2giO2E6Mjp7czozOiJvbGQiO2E6MDp7fXM6MzoibmV3IjthOjA6e319czo5OiJfcHJldmlvdXMiO2E6MTp7czozOiJ1cmwiO3M6MjE6Imh0dHA6Ly9sb2NhbGhvc3Q6ODAwMCI7fX0=', 1657783015);

-- --------------------------------------------------------

--
-- Tablo için tablo yapısı `users`
--

DROP TABLE IF EXISTS `users`;
CREATE TABLE IF NOT EXISTS `users` (
  `id` bigint(20) UNSIGNED NOT NULL AUTO_INCREMENT,
  `name` varchar(191) COLLATE utf8mb4_unicode_ci NOT NULL,
  `email` varchar(191) COLLATE utf8mb4_unicode_ci NOT NULL,
  `type` enum('admin','user') COLLATE utf8mb4_unicode_ci NOT NULL,
  `email_verified_at` timestamp NULL DEFAULT NULL,
  `password` varchar(191) COLLATE utf8mb4_unicode_ci NOT NULL,
  `two_factor_secret` text COLLATE utf8mb4_unicode_ci,
  `two_factor_recovery_codes` text COLLATE utf8mb4_unicode_ci,
  `two_factor_confirmed_at` timestamp NULL DEFAULT NULL,
  `remember_token` varchar(100) COLLATE utf8mb4_unicode_ci DEFAULT NULL,
  `current_team_id` bigint(20) UNSIGNED DEFAULT NULL,
  `profile_photo_path` varchar(2048) COLLATE utf8mb4_unicode_ci DEFAULT NULL,
  `created_at` timestamp NULL DEFAULT NULL,
  `updated_at` timestamp NULL DEFAULT NULL,
  PRIMARY KEY (`id`),
  UNIQUE KEY `users_email_unique` (`email`)
) ENGINE=InnoDB AUTO_INCREMENT=13 DEFAULT CHARSET=utf8mb4 COLLATE=utf8mb4_unicode_ci;

--
-- Tablo döküm verisi `users`
--

INSERT INTO `users` (`id`, `name`, `email`, `type`, `email_verified_at`, `password`, `two_factor_secret`, `two_factor_recovery_codes`, `two_factor_confirmed_at`, `remember_token`, `current_team_id`, `profile_photo_path`, `created_at`, `updated_at`) VALUES
(1, 'Tayfun Krky', 'denemephphost@hotmail.com', 'admin', '2022-06-03 14:27:07', '$2y$10$92IXUNpkjO0rOQ5byMi.Ye4oKoEa3Ro9llC/.og/at2.uheWG/igi', NULL, NULL, NULL, 'ogOFTovzjyieGtX7m8h1LMJYyezrR9XF8n5EQErefyGQWKgJkwHCIVia3hNx', NULL, NULL, NULL, '2022-06-17 10:41:42'),
(2, 'Brock Mueller', 'herbert52@example.org', 'user', '2022-06-03 14:27:07', '$2y$10$92IXUNpkjO0rOQ5byMi.Ye4oKoEa3Ro9llC/.og/at2.uheWG/igi', NULL, NULL, NULL, 'Y9XuG4BdrWEroQl8jiyBzGZSSDDezo7Ssx8ddJpdsqOVyjg9mFvW8DMMGy6h', NULL, NULL, '2022-06-03 14:27:07', '2022-07-14 04:16:10'),
(3, 'Efrain Schimmel', 'shakira03@example.org', 'admin', '2022-06-03 14:27:07', '$2y$10$92IXUNpkjO0rOQ5byMi.Ye4oKoEa3Ro9llC/.og/at2.uheWG/igi', NULL, NULL, NULL, 'Xe9SfBvH9H', NULL, NULL, '2022-06-03 14:27:08', '2022-06-03 14:27:08'),
(4, 'Antone Rodriguez Jr.', 'eliezer.douglas@example.com', 'user', '2022-06-03 14:27:07', '$2y$10$92IXUNpkjO0rOQ5byMi.Ye4oKoEa3Ro9llC/.og/at2.uheWG/igi', NULL, NULL, NULL, 'QQZdSilhtv', NULL, NULL, '2022-06-03 14:27:08', '2022-06-03 14:27:08'),
(5, 'Heath Brown', 'noelia61@example.net', 'user', '2022-06-03 14:27:07', '$2y$10$92IXUNpkjO0rOQ5byMi.Ye4oKoEa3Ro9llC/.og/at2.uheWG/igi', NULL, NULL, NULL, 'weKzjEe0NV', NULL, NULL, '2022-06-03 14:27:08', '2022-06-03 14:27:08'),
(6, 'Mr. Ceasar Paucek', 'west.matilda@example.org', 'user', '2022-06-03 14:27:07', '$2y$10$92IXUNpkjO0rOQ5byMi.Ye4oKoEa3Ro9llC/.og/at2.uheWG/igi', NULL, NULL, NULL, 'cRkmozJrYf', NULL, NULL, '2022-06-03 14:27:08', '2022-06-03 14:27:08'),
(7, 'Alba Smitham', 'gerlach.brody@example.org', 'admin', '2022-06-03 14:27:07', '$2y$10$92IXUNpkjO0rOQ5byMi.Ye4oKoEa3Ro9llC/.og/at2.uheWG/igi', NULL, NULL, NULL, 'ih8Zaaf1GV', NULL, NULL, '2022-06-03 14:27:08', '2022-06-03 14:27:08'),
(8, 'Dina Corkery', 'jgulgowski@example.org', 'admin', '2022-06-03 14:27:07', '$2y$10$92IXUNpkjO0rOQ5byMi.Ye4oKoEa3Ro9llC/.og/at2.uheWG/igi', NULL, NULL, NULL, 'U0c9fYV19x', NULL, NULL, '2022-06-03 14:27:08', '2022-06-03 14:27:08'),
(9, 'Rhea Littel', 'thodkiewicz@example.org', 'admin', '2022-06-03 14:27:07', '$2y$10$92IXUNpkjO0rOQ5byMi.Ye4oKoEa3Ro9llC/.og/at2.uheWG/igi', NULL, NULL, NULL, 'sFKgEONB3w', NULL, NULL, '2022-06-03 14:27:08', '2022-06-03 14:27:08'),
(10, 'Prof. Camilla Schultz', 'zaria.conn@example.net', 'user', '2022-06-03 14:27:07', '$2y$10$92IXUNpkjO0rOQ5byMi.Ye4oKoEa3Ro9llC/.og/at2.uheWG/igi', NULL, NULL, NULL, 'taOWPg3GIe', NULL, NULL, '2022-06-03 14:27:08', '2022-06-03 14:27:08'),
(11, 'Marielle Zboncak', 'walter.annette@example.com', 'user', '2022-06-03 14:27:07', '$2y$10$92IXUNpkjO0rOQ5byMi.Ye4oKoEa3Ro9llC/.og/at2.uheWG/igi', NULL, NULL, NULL, 'LncF13dw8r', NULL, NULL, '2022-06-03 14:27:08', '2022-06-03 14:27:08'),
(12, 'admin', 'admin@gmail.com', 'admin', NULL, '$2y$10$QCaHMwfsE.T1SwbSFJpFMeXclHkQwo0k6PH0uAERTIGriSCxDV6zK', NULL, NULL, NULL, NULL, NULL, NULL, '2022-07-14 04:09:56', '2022-07-14 04:11:10');

--
-- Dökümü yapılmış tablolar için kısıtlamalar
--

--
-- Tablo kısıtlamaları `answers`
--
ALTER TABLE `answers`
  ADD CONSTRAINT `answers_question_id_foreign` FOREIGN KEY (`question_id`) REFERENCES `questions` (`id`) ON DELETE CASCADE,
  ADD CONSTRAINT `answers_user_id_foreign` FOREIGN KEY (`user_id`) REFERENCES `users` (`id`) ON DELETE CASCADE;

--
-- Tablo kısıtlamaları `questions`
--
ALTER TABLE `questions`
  ADD CONSTRAINT `questions_quiz_id_foreign` FOREIGN KEY (`quiz_id`) REFERENCES `quizzes` (`id`) ON DELETE CASCADE;

--
-- Tablo kısıtlamaları `results`
--
ALTER TABLE `results`
  ADD CONSTRAINT `results_quiz_id_foreign` FOREIGN KEY (`quiz_id`) REFERENCES `quizzes` (`id`) ON DELETE CASCADE,
  ADD CONSTRAINT `results_user_id_foreign` FOREIGN KEY (`user_id`) REFERENCES `users` (`id`) ON DELETE CASCADE;
COMMIT;

/*!40101 SET CHARACTER_SET_CLIENT=@OLD_CHARACTER_SET_CLIENT */;
/*!40101 SET CHARACTER_SET_RESULTS=@OLD_CHARACTER_SET_RESULTS */;
/*!40101 SET COLLATION_CONNECTION=@OLD_COLLATION_CONNECTION */;
